Column1,RespondentID,ChoiceSetID,ChoiceIndicator,ChoiceIndicatorMod,Label,Work,Route,Frequency,MentalHealth,Mod
1,90288300,2,0,1000,DRUG1,1,2,1,3,1
2,90288300,2,1,2000,DRUG2,2,1,3,1,0
3,90288300,4,1,1000,DRUG3,2,1,1,2,1
4,90288300,4,0,2000,DRUG4,3,3,2,1,0
5,90288300,6,1,1000,DRUG5,3,2,2,1,1
6,90288300,6,0,2000,DRUG6,2,3,1,3,0
7,90288300,8,0,1000,DRUG7,3,2,3,3,1
8,90288300,8,1,2000,DRUG8,1,3,2,2,0
9,90288300,12,0,1000,DRUG9,1,3,2,1,1
10,90288300,12,1,2000,DRUG10,3,1,1,2,0
11,90288300,13,0,1000,DRUG11,1,1,1,1,1
12,90288300,13,1,2000,DRUG12,2,2,3,3,0
13,90288300,15,0,1000,DRUG13,1,2,3,3,1
14,90288300,15,1,2000,DRUG14,2,1,2,2,0
15,90288300,17,0,1000,DRUG15,3,3,3,2,1
16,90288300,17,1,2000,DRUG16,1,1,1,1,0
17,90288300,18,1,1000,DRUG17,1,2,3,2,1
18,90288300,18,0,2000,DRUG18,2,3,2,3,0
19,90288308,2,0,1000,DRUG1,1,2,1,3,1
20,90288308,2,1,2000,DRUG2,2,1,3,1,0
21,90288308,4,1,1000,DRUG3,2,1,1,2,1
22,90288308,4,0,2000,DRUG4,3,3,2,1,0
23,90288308,6,1,1000,DRUG5,3,2,2,1,1
24,90288308,6,0,2000,DRUG6,2,3,1,3,0
25,90288308,8,0,1000,DRUG7,3,2,3,3,1
26,90288308,8,1,2000,DRUG8,1,3,2,2,0
27,90288308,12,0,1000,DRUG9,1,3,2,1,1
28,90288308,12,1,2000,DRUG10,3,1,1,2,0
29,90288308,13,1,1000,DRUG11,1,1,1,1,1
30,90288308,13,0,2000,DRUG12,2,2,3,3,0
31,90288308,15,0,1000,DRUG13,1,2,3,3,1
32,90288308,15,1,2000,DRUG14,2,1,2,2,0
33,90288308,17,0,1000,DRUG15,3,3,3,2,1
34,90288308,17,1,2000,DRUG16,1,1,1,1,0
35,90288308,18,1,1000,DRUG17,1,2,3,2,1
36,90288308,18,0,2000,DRUG18,2,3,2,3,0
37,90288401,1,0,1000,DRUG1,3,1,3,1,1
38,90288401,1,1,2000,DRUG2,2,3,2,2,0
39,90288401,3,0,1000,DRUG3,3,3,1,1,1
40,90288401,3,1,2000,DRUG4,2,2,2,1,0
41,90288401,5,0,1000,DRUG5,1,3,1,3,1
42,90288401,5,1,2000,DRUG6,2,2,2,2,0
43,90288401,7,1,1000,DRUG7,2,2,1,1,1
44,90288401,7,0,2000,DRUG8,3,1,2,3,0
45,90288401,9,1,1000,DRUG9,1,1,3,2,1
46,90288401,9,0,2000,DRUG10,3,3,1,1,0
47,90288401,10,0,1000,DRUG11,3,3,3,1,1
48,90288401,10,1,2000,DRUG12,1,2,2,3,0
49,90288401,11,1,1000,DRUG13,3,2,1,2,1
50,90288401,11,0,2000,DRUG14,2,1,3,3,0
51,90288401,14,0,1000,DRUG15,2,2,1,3,1
52,90288401,14,1,2000,DRUG16,1,3,3,2,0
53,90288401,16,0,1000,DRUG17,3,1,2,3,1
54,90288401,16,1,2000,DRUG18,2,3,3,1,0
55,90288412,1,0,1000,DRUG1,3,1,3,1,1
56,90288412,1,1,2000,DRUG2,2,3,2,2,0
57,90288412,3,0,1000,DRUG3,3,3,1,1,1
58,90288412,3,1,2000,DRUG4,2,2,2,1,0
59,90288412,5,0,1000,DRUG5,1,3,1,3,1
60,90288412,5,1,2000,DRUG6,2,2,2,2,0
61,90288412,7,1,1000,DRUG7,2,2,1,1,1
62,90288412,7,0,2000,DRUG8,3,1,2,3,0
63,90288412,9,1,1000,DRUG9,1,1,3,2,1
64,90288412,9,0,2000,DRUG10,3,3,1,1,0
65,90288412,10,0,1000,DRUG11,3,3,3,1,1
66,90288412,10,1,2000,DRUG12,1,2,2,3,0
67,90288412,11,0,1000,DRUG13,3,2,1,2,1
68,90288412,11,1,2000,DRUG14,2,1,3,3,0
69,90288412,14,1,1000,DRUG15,2,2,1,3,1
70,90288412,14,0,2000,DRUG16,1,3,3,2,0
71,90288412,16,0,1000,DRUG17,3,1,2,3,1
72,90288412,16,1,2000,DRUG18,2,3,3,1,0
73,90288455,1,0,1000,DRUG1,3,1,3,1,1
74,90288455,1,1,2000,DRUG2,2,3,2,2,0
75,90288455,3,0,1000,DRUG3,3,3,1,1,1
76,90288455,3,1,2000,DRUG4,2,2,2,1,0
77,90288455,5,0,1000,DRUG5,1,3,1,3,1
78,90288455,5,1,2000,DRUG6,2,2,2,2,0
79,90288455,7,1,1000,DRUG7,2,2,1,1,1
80,90288455,7,0,2000,DRUG8,3,1,2,3,0
81,90288455,9,1,1000,DRUG9,1,1,3,2,1
82,90288455,9,0,2000,DRUG10,3,3,1,1,0
83,90288455,10,0,1000,DRUG11,3,3,3,1,1
84,90288455,10,1,2000,DRUG12,1,2,2,3,0
85,90288455,11,1,1000,DRUG13,3,2,1,2,1
86,90288455,11,0,2000,DRUG14,2,1,3,3,0
87,90288455,14,1,1000,DRUG15,2,2,1,3,1
88,90288455,14,0,2000,DRUG16,1,3,3,2,0
89,90288455,16,0,1000,DRUG17,3,1,2,3,1
90,90288455,16,1,2000,DRUG18,2,3,3,1,0
91,90288481,2,1,1000,DRUG1,1,2,1,3,1
92,90288481,2,0,2000,DRUG2,2,1,3,1,0
93,90288481,4,1,1000,DRUG3,2,1,1,2,1
94,90288481,4,0,2000,DRUG4,3,3,2,1,0
95,90288481,6,1,1000,DRUG5,3,2,2,1,1
96,90288481,6,0,2000,DRUG6,2,3,1,3,0
97,90288481,8,1,1000,DRUG7,3,2,3,3,1
98,90288481,8,0,2000,DRUG8,1,3,2,2,0
99,90288481,12,0,1000,DRUG9,1,3,2,1,1
100,90288481,12,1,2000,DRUG10,3,1,1,2,0
101,90288481,13,0,1000,DRUG11,1,1,1,1,1
102,90288481,13,1,2000,DRUG12,2,2,3,3,0
103,90288481,15,1,1000,DRUG13,1,2,3,3,1
104,90288481,15,0,2000,DRUG14,2,1,2,2,0
105,90288481,17,0,1000,DRUG15,3,3,3,2,1
106,90288481,17,1,2000,DRUG16,1,1,1,1,0
107,90288481,18,1,1000,DRUG17,1,2,3,2,1
108,90288481,18,0,2000,DRUG18,2,3,2,3,0
109,90288594,1,0,1000,DRUG1,3,1,3,1,1
110,90288594,1,1,2000,DRUG2,2,3,2,2,0
111,90288594,3,0,1000,DRUG3,3,3,1,1,1
112,90288594,3,1,2000,DRUG4,2,2,2,1,0
113,90288594,5,0,1000,DRUG5,1,3,1,3,1
114,90288594,5,1,2000,DRUG6,2,2,2,2,0
115,90288594,7,1,1000,DRUG7,2,2,1,1,1
116,90288594,7,0,2000,DRUG8,3,1,2,3,0
117,90288594,9,1,1000,DRUG9,1,1,3,2,1
118,90288594,9,0,2000,DRUG10,3,3,1,1,0
119,90288594,10,0,1000,DRUG11,3,3,3,1,1
120,90288594,10,1,2000,DRUG12,1,2,2,3,0
121,90288594,11,1,1000,DRUG13,3,2,1,2,1
122,90288594,11,0,2000,DRUG14,2,1,3,3,0
123,90288594,14,0,1000,DRUG15,2,2,1,3,1
124,90288594,14,1,2000,DRUG16,1,3,3,2,0
125,90288594,16,1,1000,DRUG17,3,1,2,3,1
126,90288594,16,0,2000,DRUG18,2,3,3,1,0
127,90288654,1,0,1000,DRUG1,3,1,3,1,1
128,90288654,1,1,2000,DRUG2,2,3,2,2,0
129,90288654,3,0,1000,DRUG3,3,3,1,1,1
130,90288654,3,1,2000,DRUG4,2,2,2,1,0
131,90288654,5,0,1000,DRUG5,1,3,1,3,1
132,90288654,5,1,2000,DRUG6,2,2,2,2,0
133,90288654,7,1,1000,DRUG7,2,2,1,1,1
134,90288654,7,0,2000,DRUG8,3,1,2,3,0
135,90288654,9,1,1000,DRUG9,1,1,3,2,1
136,90288654,9,0,2000,DRUG10,3,3,1,1,0
137,90288654,10,0,1000,DRUG11,3,3,3,1,1
138,90288654,10,1,2000,DRUG12,1,2,2,3,0
139,90288654,11,1,1000,DRUG13,3,2,1,2,1
140,90288654,11,0,2000,DRUG14,2,1,3,3,0
141,90288654,14,1,1000,DRUG15,2,2,1,3,1
142,90288654,14,0,2000,DRUG16,1,3,3,2,0
143,90288654,16,0,1000,DRUG17,3,1,2,3,1
144,90288654,16,1,2000,DRUG18,2,3,3,1,0
145,90288791,2,0,1000,DRUG1,1,2,1,3,1
146,90288791,2,1,2000,DRUG2,2,1,3,1,0
147,90288791,4,1,1000,DRUG3,2,1,1,2,1
148,90288791,4,0,2000,DRUG4,3,3,2,1,0
149,90288791,6,1,1000,DRUG5,3,2,2,1,1
150,90288791,6,0,2000,DRUG6,2,3,1,3,0
151,90288791,8,0,1000,DRUG7,3,2,3,3,1
152,90288791,8,1,2000,DRUG8,1,3,2,2,0
153,90288791,12,0,1000,DRUG9,1,3,2,1,1
154,90288791,12,1,2000,DRUG10,3,1,1,2,0
155,90288791,13,0,1000,DRUG11,1,1,1,1,1
156,90288791,13,1,2000,DRUG12,2,2,3,3,0
157,90288791,15,0,1000,DRUG13,1,2,3,3,1
158,90288791,15,1,2000,DRUG14,2,1,2,2,0
159,90288791,17,0,1000,DRUG15,3,3,3,2,1
160,90288791,17,1,2000,DRUG16,1,1,1,1,0
161,90288791,18,1,1000,DRUG17,1,2,3,2,1
162,90288791,18,0,2000,DRUG18,2,3,2,3,0
163,90292800,2,0,1000,DRUG1,1,2,1,3,1
164,90292800,2,1,2000,DRUG2,2,1,3,1,0
165,90292800,4,1,1000,DRUG3,2,1,1,2,1
166,90292800,4,0,2000,DRUG4,3,3,2,1,0
167,90292800,6,0,1000,DRUG5,3,2,2,1,1
168,90292800,6,1,2000,DRUG6,2,3,1,3,0
169,90292800,8,0,1000,DRUG7,3,2,3,3,1
170,90292800,8,1,2000,DRUG8,1,3,2,2,0
171,90292800,12,1,1000,DRUG9,1,3,2,1,1
172,90292800,12,0,2000,DRUG10,3,1,1,2,0
173,90292800,13,0,1000,DRUG11,1,1,1,1,1
174,90292800,13,1,2000,DRUG12,2,2,3,3,0
175,90292800,15,0,1000,DRUG13,1,2,3,3,1
176,90292800,15,1,2000,DRUG14,2,1,2,2,0
177,90292800,17,0,1000,DRUG15,3,3,3,2,1
178,90292800,17,1,2000,DRUG16,1,1,1,1,0
179,90292800,18,0,1000,DRUG17,1,2,3,2,1
180,90292800,18,1,2000,DRUG18,2,3,2,3,0
181,90292837,2,0,1000,DRUG1,1,2,1,3,1
182,90292837,2,1,2000,DRUG2,2,1,3,1,0
183,90292837,4,1,1000,DRUG3,2,1,1,2,1
184,90292837,4,0,2000,DRUG4,3,3,2,1,0
185,90292837,6,0,1000,DRUG5,3,2,2,1,1
186,90292837,6,1,2000,DRUG6,2,3,1,3,0
187,90292837,8,1,1000,DRUG7,3,2,3,3,1
188,90292837,8,0,2000,DRUG8,1,3,2,2,0
189,90292837,12,0,1000,DRUG9,1,3,2,1,1
190,90292837,12,1,2000,DRUG10,3,1,1,2,0
191,90292837,13,1,1000,DRUG11,1,1,1,1,1
192,90292837,13,0,2000,DRUG12,2,2,3,3,0
193,90292837,15,1,1000,DRUG13,1,2,3,3,1
194,90292837,15,0,2000,DRUG14,2,1,2,2,0
195,90292837,17,1,1000,DRUG15,3,3,3,2,1
196,90292837,17,0,2000,DRUG16,1,1,1,1,0
197,90292837,18,0,1000,DRUG17,1,2,3,2,1
198,90292837,18,1,2000,DRUG18,2,3,2,3,0
199,90292874,2,1,1000,DRUG1,1,2,1,3,1
200,90292874,2,0,2000,DRUG2,2,1,3,1,0
201,90292874,4,1,1000,DRUG3,2,1,1,2,1
202,90292874,4,0,2000,DRUG4,3,3,2,1,0
203,90292874,6,1,1000,DRUG5,3,2,2,1,1
204,90292874,6,0,2000,DRUG6,2,3,1,3,0
205,90292874,8,1,1000,DRUG7,3,2,3,3,1
206,90292874,8,0,2000,DRUG8,1,3,2,2,0
207,90292874,12,0,1000,DRUG9,1,3,2,1,1
208,90292874,12,1,2000,DRUG10,3,1,1,2,0
209,90292874,13,0,1000,DRUG11,1,1,1,1,1
210,90292874,13,1,2000,DRUG12,2,2,3,3,0
211,90292874,15,0,1000,DRUG13,1,2,3,3,1
212,90292874,15,1,2000,DRUG14,2,1,2,2,0
213,90292874,17,0,1000,DRUG15,3,3,3,2,1
214,90292874,17,1,2000,DRUG16,1,1,1,1,0
215,90292874,18,1,1000,DRUG17,1,2,3,2,1
216,90292874,18,0,2000,DRUG18,2,3,2,3,0
217,90292880,1,0,1000,DRUG1,3,1,3,1,1
218,90292880,1,1,2000,DRUG2,2,3,2,2,0
219,90292880,3,0,1000,DRUG3,3,3,1,1,1
220,90292880,3,1,2000,DRUG4,2,2,2,1,0
221,90292880,5,0,1000,DRUG5,1,3,1,3,1
222,90292880,5,1,2000,DRUG6,2,2,2,2,0
223,90292880,7,1,1000,DRUG7,2,2,1,1,1
224,90292880,7,0,2000,DRUG8,3,1,2,3,0
225,90292880,9,1,1000,DRUG9,1,1,3,2,1
226,90292880,9,0,2000,DRUG10,3,3,1,1,0
227,90292880,10,0,1000,DRUG11,3,3,3,1,1
228,90292880,10,1,2000,DRUG12,1,2,2,3,0
229,90292880,11,0,1000,DRUG13,3,2,1,2,1
230,90292880,11,1,2000,DRUG14,2,1,3,3,0
231,90292880,14,0,1000,DRUG15,2,2,1,3,1
232,90292880,14,1,2000,DRUG16,1,3,3,2,0
233,90292880,16,0,1000,DRUG17,3,1,2,3,1
234,90292880,16,1,2000,DRUG18,2,3,3,1,0
235,90305141,1,1,1000,DRUG1,3,1,3,1,1
236,90305141,1,0,2000,DRUG2,2,3,2,2,0
237,90305141,3,0,1000,DRUG3,3,3,1,1,1
238,90305141,3,1,2000,DRUG4,2,2,2,1,0
239,90305141,5,1,1000,DRUG5,1,3,1,3,1
240,90305141,5,0,2000,DRUG6,2,2,2,2,0
241,90305141,7,0,1000,DRUG7,2,2,1,1,1
242,90305141,7,1,2000,DRUG8,3,1,2,3,0
243,90305141,9,1,1000,DRUG9,1,1,3,2,1
244,90305141,9,0,2000,DRUG10,3,3,1,1,0
245,90305141,10,1,1000,DRUG11,3,3,3,1,1
246,90305141,10,0,2000,DRUG12,1,2,2,3,0
247,90305141,11,1,1000,DRUG13,3,2,1,2,1
248,90305141,11,0,2000,DRUG14,2,1,3,3,0
249,90305141,14,1,1000,DRUG15,2,2,1,3,1
250,90305141,14,0,2000,DRUG16,1,3,3,2,0
251,90305141,16,0,1000,DRUG17,3,1,2,3,1
252,90305141,16,1,2000,DRUG18,2,3,3,1,0
253,90305146,1,0,1000,DRUG1,3,1,3,1,1
254,90305146,1,1,2000,DRUG2,2,3,2,2,0
255,90305146,3,0,1000,DRUG3,3,3,1,1,1
256,90305146,3,1,2000,DRUG4,2,2,2,1,0
257,90305146,5,0,1000,DRUG5,1,3,1,3,1
258,90305146,5,1,2000,DRUG6,2,2,2,2,0
259,90305146,7,1,1000,DRUG7,2,2,1,1,1
260,90305146,7,0,2000,DRUG8,3,1,2,3,0
261,90305146,9,1,1000,DRUG9,1,1,3,2,1
262,90305146,9,0,2000,DRUG10,3,3,1,1,0
263,90305146,10,1,1000,DRUG11,3,3,3,1,1
264,90305146,10,0,2000,DRUG12,1,2,2,3,0
265,90305146,11,1,1000,DRUG13,3,2,1,2,1
266,90305146,11,0,2000,DRUG14,2,1,3,3,0
267,90305146,14,0,1000,DRUG15,2,2,1,3,1
268,90305146,14,1,2000,DRUG16,1,3,3,2,0
269,90305146,16,0,1000,DRUG17,3,1,2,3,1
270,90305146,16,1,2000,DRUG18,2,3,3,1,0
271,90309836,2,0,1000,DRUG1,1,2,1,3,1
272,90309836,2,1,2000,DRUG2,2,1,3,1,0
273,90309836,4,1,1000,DRUG3,2,1,1,2,1
274,90309836,4,0,2000,DRUG4,3,3,2,1,0
275,90309836,6,0,1000,DRUG5,3,2,2,1,1
276,90309836,6,1,2000,DRUG6,2,3,1,3,0
277,90309836,8,0,1000,DRUG7,3,2,3,3,1
278,90309836,8,1,2000,DRUG8,1,3,2,2,0
279,90309836,12,1,1000,DRUG9,1,3,2,1,1
280,90309836,12,0,2000,DRUG10,3,1,1,2,0
281,90309836,13,0,1000,DRUG11,1,1,1,1,1
282,90309836,13,1,2000,DRUG12,2,2,3,3,0
283,90309836,15,0,1000,DRUG13,1,2,3,3,1
284,90309836,15,1,2000,DRUG14,2,1,2,2,0
285,90309836,17,0,1000,DRUG15,3,3,3,2,1
286,90309836,17,1,2000,DRUG16,1,1,1,1,0
287,90309836,18,0,1000,DRUG17,1,2,3,2,1
288,90309836,18,1,2000,DRUG18,2,3,2,3,0
289,90309888,1,0,1000,DRUG1,3,1,3,1,1
290,90309888,1,1,2000,DRUG2,2,3,2,2,0
291,90309888,3,0,1000,DRUG3,3,3,1,1,1
292,90309888,3,1,2000,DRUG4,2,2,2,1,0
293,90309888,5,0,1000,DRUG5,1,3,1,3,1
294,90309888,5,1,2000,DRUG6,2,2,2,2,0
295,90309888,7,1,1000,DRUG7,2,2,1,1,1
296,90309888,7,0,2000,DRUG8,3,1,2,3,0
297,90309888,9,1,1000,DRUG9,1,1,3,2,1
298,90309888,9,0,2000,DRUG10,3,3,1,1,0
299,90309888,10,0,1000,DRUG11,3,3,3,1,1
300,90309888,10,1,2000,DRUG12,1,2,2,3,0
301,90309888,11,1,1000,DRUG13,3,2,1,2,1
302,90309888,11,0,2000,DRUG14,2,1,3,3,0
303,90309888,14,0,1000,DRUG15,2,2,1,3,1
304,90309888,14,1,2000,DRUG16,1,3,3,2,0
305,90309888,16,0,1000,DRUG17,3,1,2,3,1
306,90309888,16,1,2000,DRUG18,2,3,3,1,0
307,90309932,2,0,1000,DRUG1,1,2,1,3,1
308,90309932,2,1,2000,DRUG2,2,1,3,1,0
309,90309932,4,1,1000,DRUG3,2,1,1,2,1
310,90309932,4,0,2000,DRUG4,3,3,2,1,0
311,90309932,6,0,1000,DRUG5,3,2,2,1,1
312,90309932,6,1,2000,DRUG6,2,3,1,3,0
313,90309932,8,0,1000,DRUG7,3,2,3,3,1
314,90309932,8,1,2000,DRUG8,1,3,2,2,0
315,90309932,12,1,1000,DRUG9,1,3,2,1,1
316,90309932,12,0,2000,DRUG10,3,1,1,2,0
317,90309932,13,0,1000,DRUG11,1,1,1,1,1
318,90309932,13,1,2000,DRUG12,2,2,3,3,0
319,90309932,15,0,1000,DRUG13,1,2,3,3,1
320,90309932,15,1,2000,DRUG14,2,1,2,2,0
321,90309932,17,0,1000,DRUG15,3,3,3,2,1
322,90309932,17,1,2000,DRUG16,1,1,1,1,0
323,90309932,18,0,1000,DRUG17,1,2,3,2,1
324,90309932,18,1,2000,DRUG18,2,3,2,3,0
325,90322108,2,0,1000,DRUG1,1,2,1,3,1
326,90322108,2,1,2000,DRUG2,2,1,3,1,0
327,90322108,4,1,1000,DRUG3,2,1,1,2,1
328,90322108,4,0,2000,DRUG4,3,3,2,1,0
329,90322108,6,1,1000,DRUG5,3,2,2,1,1
330,90322108,6,0,2000,DRUG6,2,3,1,3,0
331,90322108,8,0,1000,DRUG7,3,2,3,3,1
332,90322108,8,1,2000,DRUG8,1,3,2,2,0
333,90322108,12,0,1000,DRUG9,1,3,2,1,1
334,90322108,12,1,2000,DRUG10,3,1,1,2,0
335,90322108,13,1,1000,DRUG11,1,1,1,1,1
336,90322108,13,0,2000,DRUG12,2,2,3,3,0
337,90322108,15,0,1000,DRUG13,1,2,3,3,1
338,90322108,15,1,2000,DRUG14,2,1,2,2,0
339,90322108,17,0,1000,DRUG15,3,3,3,2,1
340,90322108,17,1,2000,DRUG16,1,1,1,1,0
341,90322108,18,1,1000,DRUG17,1,2,3,2,1
342,90322108,18,0,2000,DRUG18,2,3,2,3,0
343,90326328,1,0,1000,DRUG1,3,1,3,1,1
344,90326328,1,1,2000,DRUG2,2,3,2,2,0
345,90326328,3,0,1000,DRUG3,3,3,1,1,1
346,90326328,3,1,2000,DRUG4,2,2,2,1,0
347,90326328,5,0,1000,DRUG5,1,3,1,3,1
348,90326328,5,1,2000,DRUG6,2,2,2,2,0
349,90326328,7,1,1000,DRUG7,2,2,1,1,1
350,90326328,7,0,2000,DRUG8,3,1,2,3,0
351,90326328,9,1,1000,DRUG9,1,1,3,2,1
352,90326328,9,0,2000,DRUG10,3,3,1,1,0
353,90326328,10,0,1000,DRUG11,3,3,3,1,1
354,90326328,10,1,2000,DRUG12,1,2,2,3,0
355,90326328,11,0,1000,DRUG13,3,2,1,2,1
356,90326328,11,1,2000,DRUG14,2,1,3,3,0
357,90326328,14,1,1000,DRUG15,2,2,1,3,1
358,90326328,14,0,2000,DRUG16,1,3,3,2,0
359,90326328,16,1,1000,DRUG17,3,1,2,3,1
360,90326328,16,0,2000,DRUG18,2,3,3,1,0
361,90404531,1,1,1000,DRUG1,3,1,3,1,1
362,90404531,1,0,2000,DRUG2,2,3,2,2,0
363,90404531,3,1,1000,DRUG3,3,3,1,1,1
364,90404531,3,0,2000,DRUG4,2,2,2,1,0
365,90404531,5,1,1000,DRUG5,1,3,1,3,1
366,90404531,5,0,2000,DRUG6,2,2,2,2,0
367,90404531,7,1,1000,DRUG7,2,2,1,1,1
368,90404531,7,0,2000,DRUG8,3,1,2,3,0
369,90404531,9,1,1000,DRUG9,1,1,3,2,1
370,90404531,9,0,2000,DRUG10,3,3,1,1,0
371,90404531,10,1,1000,DRUG11,3,3,3,1,1
372,90404531,10,0,2000,DRUG12,1,2,2,3,0
373,90404531,11,1,1000,DRUG13,3,2,1,2,1
374,90404531,11,0,2000,DRUG14,2,1,3,3,0
375,90404531,14,1,1000,DRUG15,2,2,1,3,1
376,90404531,14,0,2000,DRUG16,1,3,3,2,0
377,90404531,16,1,1000,DRUG17,3,1,2,3,1
378,90404531,16,0,2000,DRUG18,2,3,3,1,0
379,90404535,2,0,1000,DRUG1,1,2,1,3,1
380,90404535,2,1,2000,DRUG2,2,1,3,1,0
381,90404535,4,1,1000,DRUG3,2,1,1,2,1
382,90404535,4,0,2000,DRUG4,3,3,2,1,0
383,90404535,6,0,1000,DRUG5,3,2,2,1,1
384,90404535,6,1,2000,DRUG6,2,3,1,3,0
385,90404535,8,0,1000,DRUG7,3,2,3,3,1
386,90404535,8,1,2000,DRUG8,1,3,2,2,0
387,90404535,12,1,1000,DRUG9,1,3,2,1,1
388,90404535,12,0,2000,DRUG10,3,1,1,2,0
389,90404535,13,1,1000,DRUG11,1,1,1,1,1
390,90404535,13,0,2000,DRUG12,2,2,3,3,0
391,90404535,15,0,1000,DRUG13,1,2,3,3,1
392,90404535,15,1,2000,DRUG14,2,1,2,2,0
393,90404535,17,0,1000,DRUG15,3,3,3,2,1
394,90404535,17,1,2000,DRUG16,1,1,1,1,0
395,90404535,18,1,1000,DRUG17,1,2,3,2,1
396,90404535,18,0,2000,DRUG18,2,3,2,3,0
397,90478213,2,0,1000,DRUG1,1,2,1,3,1
398,90478213,2,1,2000,DRUG2,2,1,3,1,0
399,90478213,4,1,1000,DRUG3,2,1,1,2,1
400,90478213,4,0,2000,DRUG4,3,3,2,1,0
401,90478213,6,1,1000,DRUG5,3,2,2,1,1
402,90478213,6,0,2000,DRUG6,2,3,1,3,0
403,90478213,8,1,1000,DRUG7,3,2,3,3,1
404,90478213,8,0,2000,DRUG8,1,3,2,2,0
405,90478213,12,0,1000,DRUG9,1,3,2,1,1
406,90478213,12,1,2000,DRUG10,3,1,1,2,0
407,90478213,13,0,1000,DRUG11,1,1,1,1,1
408,90478213,13,1,2000,DRUG12,2,2,3,3,0
409,90478213,15,0,1000,DRUG13,1,2,3,3,1
410,90478213,15,1,2000,DRUG14,2,1,2,2,0
411,90478213,17,0,1000,DRUG15,3,3,3,2,1
412,90478213,17,1,2000,DRUG16,1,1,1,1,0
413,90478213,18,1,1000,DRUG17,1,2,3,2,1
414,90478213,18,0,2000,DRUG18,2,3,2,3,0
415,90577921,1,0,1000,DRUG1,3,1,3,1,1
416,90577921,1,1,2000,DRUG2,2,3,2,2,0
417,90577921,3,0,1000,DRUG3,3,3,1,1,1
418,90577921,3,1,2000,DRUG4,2,2,2,1,0
419,90577921,5,0,1000,DRUG5,1,3,1,3,1
420,90577921,5,1,2000,DRUG6,2,2,2,2,0
421,90577921,7,0,1000,DRUG7,2,2,1,1,1
422,90577921,7,1,2000,DRUG8,3,1,2,3,0
423,90577921,9,0,1000,DRUG9,1,1,3,2,1
424,90577921,9,1,2000,DRUG10,3,3,1,1,0
425,90577921,10,0,1000,DRUG11,3,3,3,1,1
426,90577921,10,1,2000,DRUG12,1,2,2,3,0
427,90577921,11,0,1000,DRUG13,3,2,1,2,1
428,90577921,11,1,2000,DRUG14,2,1,3,3,0
429,90577921,14,0,1000,DRUG15,2,2,1,3,1
430,90577921,14,1,2000,DRUG16,1,3,3,2,0
431,90577921,16,0,1000,DRUG17,3,1,2,3,1
432,90577921,16,1,2000,DRUG18,2,3,3,1,0
433,90586047,2,1,1000,DRUG1,1,2,1,3,1
434,90586047,2,0,2000,DRUG2,2,1,3,1,0
435,90586047,4,0,1000,DRUG3,2,1,1,2,1
436,90586047,4,1,2000,DRUG4,3,3,2,1,0
437,90586047,6,1,1000,DRUG5,3,2,2,1,1
438,90586047,6,0,2000,DRUG6,2,3,1,3,0
439,90586047,8,1,1000,DRUG7,3,2,3,3,1
440,90586047,8,0,2000,DRUG8,1,3,2,2,0
441,90586047,12,1,1000,DRUG9,1,3,2,1,1
442,90586047,12,0,2000,DRUG10,3,1,1,2,0
443,90586047,13,1,1000,DRUG11,1,1,1,1,1
444,90586047,13,0,2000,DRUG12,2,2,3,3,0
445,90586047,15,1,1000,DRUG13,1,2,3,3,1
446,90586047,15,0,2000,DRUG14,2,1,2,2,0
447,90586047,17,1,1000,DRUG15,3,3,3,2,1
448,90586047,17,0,2000,DRUG16,1,1,1,1,0
449,90586047,18,1,1000,DRUG17,1,2,3,2,1
450,90586047,18,0,2000,DRUG18,2,3,2,3,0
451,90594456,2,0,1000,DRUG1,1,2,1,3,1
452,90594456,2,1,2000,DRUG2,2,1,3,1,0
453,90594456,4,1,1000,DRUG3,2,1,1,2,1
454,90594456,4,0,2000,DRUG4,3,3,2,1,0
455,90594456,6,0,1000,DRUG5,3,2,2,1,1
456,90594456,6,1,2000,DRUG6,2,3,1,3,0
457,90594456,8,0,1000,DRUG7,3,2,3,3,1
458,90594456,8,1,2000,DRUG8,1,3,2,2,0
459,90594456,12,1,1000,DRUG9,1,3,2,1,1
460,90594456,12,0,2000,DRUG10,3,1,1,2,0
461,90594456,13,0,1000,DRUG11,1,1,1,1,1
462,90594456,13,1,2000,DRUG12,2,2,3,3,0
463,90594456,15,0,1000,DRUG13,1,2,3,3,1
464,90594456,15,1,2000,DRUG14,2,1,2,2,0
465,90594456,17,0,1000,DRUG15,3,3,3,2,1
466,90594456,17,1,2000,DRUG16,1,1,1,1,0
467,90594456,18,1,1000,DRUG17,1,2,3,2,1
468,90594456,18,0,2000,DRUG18,2,3,2,3,0
469,90653189,1,1,1000,DRUG1,3,1,3,1,1
470,90653189,1,0,2000,DRUG2,2,3,2,2,0
471,90653189,3,1,1000,DRUG3,3,3,1,1,1
472,90653189,3,0,2000,DRUG4,2,2,2,1,0
473,90653189,5,0,1000,DRUG5,1,3,1,3,1
474,90653189,5,1,2000,DRUG6,2,2,2,2,0
475,90653189,7,1,1000,DRUG7,2,2,1,1,1
476,90653189,7,0,2000,DRUG8,3,1,2,3,0
477,90653189,9,1,1000,DRUG9,1,1,3,2,1
478,90653189,9,0,2000,DRUG10,3,3,1,1,0
479,90653189,10,0,1000,DRUG11,3,3,3,1,1
480,90653189,10,1,2000,DRUG12,1,2,2,3,0
481,90653189,11,1,1000,DRUG13,3,2,1,2,1
482,90653189,11,0,2000,DRUG14,2,1,3,3,0
483,90653189,14,1,1000,DRUG15,2,2,1,3,1
484,90653189,14,0,2000,DRUG16,1,3,3,2,0
485,90653189,16,0,1000,DRUG17,3,1,2,3,1
486,90653189,16,1,2000,DRUG18,2,3,3,1,0
487,90721481,2,1,1000,DRUG1,1,2,1,3,1
488,90721481,2,0,2000,DRUG2,2,1,3,1,0
489,90721481,4,1,1000,DRUG3,2,1,1,2,1
490,90721481,4,0,2000,DRUG4,3,3,2,1,0
491,90721481,6,1,1000,DRUG5,3,2,2,1,1
492,90721481,6,0,2000,DRUG6,2,3,1,3,0
493,90721481,8,1,1000,DRUG7,3,2,3,3,1
494,90721481,8,0,2000,DRUG8,1,3,2,2,0
495,90721481,12,0,1000,DRUG9,1,3,2,1,1
496,90721481,12,1,2000,DRUG10,3,1,1,2,0
497,90721481,13,0,1000,DRUG11,1,1,1,1,1
498,90721481,13,1,2000,DRUG12,2,2,3,3,0
499,90721481,15,1,1000,DRUG13,1,2,3,3,1
500,90721481,15,0,2000,DRUG14,2,1,2,2,0
501,90721481,17,0,1000,DRUG15,3,3,3,2,1
502,90721481,17,1,2000,DRUG16,1,1,1,1,0
503,90721481,18,1,1000,DRUG17,1,2,3,2,1
504,90721481,18,0,2000,DRUG18,2,3,2,3,0
505,90874267,1,0,1000,DRUG1,3,1,3,1,1
506,90874267,1,1,2000,DRUG2,2,3,2,2,0
507,90874267,3,0,1000,DRUG3,3,3,1,1,1
508,90874267,3,1,2000,DRUG4,2,2,2,1,0
509,90874267,5,0,1000,DRUG5,1,3,1,3,1
510,90874267,5,1,2000,DRUG6,2,2,2,2,0
511,90874267,7,1,1000,DRUG7,2,2,1,1,1
512,90874267,7,0,2000,DRUG8,3,1,2,3,0
513,90874267,9,1,1000,DRUG9,1,1,3,2,1
514,90874267,9,0,2000,DRUG10,3,3,1,1,0
515,90874267,10,0,1000,DRUG11,3,3,3,1,1
516,90874267,10,1,2000,DRUG12,1,2,2,3,0
517,90874267,11,0,1000,DRUG13,3,2,1,2,1
518,90874267,11,1,2000,DRUG14,2,1,3,3,0
519,90874267,14,1,1000,DRUG15,2,2,1,3,1
520,90874267,14,0,2000,DRUG16,1,3,3,2,0
521,90874267,16,0,1000,DRUG17,3,1,2,3,1
522,90874267,16,1,2000,DRUG18,2,3,3,1,0
523,90948196,1,0,1000,DRUG1,3,1,3,1,1
524,90948196,1,1,2000,DRUG2,2,3,2,2,0
525,90948196,3,0,1000,DRUG3,3,3,1,1,1
526,90948196,3,1,2000,DRUG4,2,2,2,1,0
527,90948196,5,0,1000,DRUG5,1,3,1,3,1
528,90948196,5,1,2000,DRUG6,2,2,2,2,0
529,90948196,7,1,1000,DRUG7,2,2,1,1,1
530,90948196,7,0,2000,DRUG8,3,1,2,3,0
531,90948196,9,0,1000,DRUG9,1,1,3,2,1
532,90948196,9,1,2000,DRUG10,3,3,1,1,0
533,90948196,10,1,1000,DRUG11,3,3,3,1,1
534,90948196,10,0,2000,DRUG12,1,2,2,3,0
535,90948196,11,1,1000,DRUG13,3,2,1,2,1
536,90948196,11,0,2000,DRUG14,2,1,3,3,0
537,90948196,14,0,1000,DRUG15,2,2,1,3,1
538,90948196,14,1,2000,DRUG16,1,3,3,2,0
539,90948196,16,1,1000,DRUG17,3,1,2,3,1
540,90948196,16,0,2000,DRUG18,2,3,3,1,0
541,91079273,2,0,1000,DRUG1,1,2,1,3,1
542,91079273,2,1,2000,DRUG2,2,1,3,1,0
543,91079273,4,1,1000,DRUG3,2,1,1,2,1
544,91079273,4,0,2000,DRUG4,3,3,2,1,0
545,91079273,6,1,1000,DRUG5,3,2,2,1,1
546,91079273,6,0,2000,DRUG6,2,3,1,3,0
547,91079273,8,0,1000,DRUG7,3,2,3,3,1
548,91079273,8,1,2000,DRUG8,1,3,2,2,0
549,91079273,12,0,1000,DRUG9,1,3,2,1,1
550,91079273,12,1,2000,DRUG10,3,1,1,2,0
551,91079273,13,0,1000,DRUG11,1,1,1,1,1
552,91079273,13,1,2000,DRUG12,2,2,3,3,0
553,91079273,15,0,1000,DRUG13,1,2,3,3,1
554,91079273,15,1,2000,DRUG14,2,1,2,2,0
555,91079273,17,0,1000,DRUG15,3,3,3,2,1
556,91079273,17,1,2000,DRUG16,1,1,1,1,0
557,91079273,18,1,1000,DRUG17,1,2,3,2,1
558,91079273,18,0,2000,DRUG18,2,3,2,3,0
559,91743162,1,0,1000,DRUG1,3,1,3,1,1
560,91743162,1,1,2000,DRUG2,2,3,2,2,0
561,91743162,3,0,1000,DRUG3,3,3,1,1,1
562,91743162,3,1,2000,DRUG4,2,2,2,1,0
563,91743162,5,0,1000,DRUG5,1,3,1,3,1
564,91743162,5,1,2000,DRUG6,2,2,2,2,0
565,91743162,7,1,1000,DRUG7,2,2,1,1,1
566,91743162,7,0,2000,DRUG8,3,1,2,3,0
567,91743162,9,1,1000,DRUG9,1,1,3,2,1
568,91743162,9,0,2000,DRUG10,3,3,1,1,0
569,91743162,10,0,1000,DRUG11,3,3,3,1,1
570,91743162,10,1,2000,DRUG12,1,2,2,3,0
571,91743162,11,0,1000,DRUG13,3,2,1,2,1
572,91743162,11,1,2000,DRUG14,2,1,3,3,0
573,91743162,14,0,1000,DRUG15,2,2,1,3,1
574,91743162,14,1,2000,DRUG16,1,3,3,2,0
575,91743162,16,0,1000,DRUG17,3,1,2,3,1
576,91743162,16,1,2000,DRUG18,2,3,3,1,0
577,92133402,1,0,1000,DRUG1,3,1,3,1,1
578,92133402,1,1,2000,DRUG2,2,3,2,2,0
579,92133402,3,0,1000,DRUG3,3,3,1,1,1
580,92133402,3,1,2000,DRUG4,2,2,2,1,0
581,92133402,5,0,1000,DRUG5,1,3,1,3,1
582,92133402,5,1,2000,DRUG6,2,2,2,2,0
583,92133402,7,1,1000,DRUG7,2,2,1,1,1
584,92133402,7,0,2000,DRUG8,3,1,2,3,0
585,92133402,9,1,1000,DRUG9,1,1,3,2,1
586,92133402,9,0,2000,DRUG10,3,3,1,1,0
587,92133402,10,0,1000,DRUG11,3,3,3,1,1
588,92133402,10,1,2000,DRUG12,1,2,2,3,0
589,92133402,11,0,1000,DRUG13,3,2,1,2,1
590,92133402,11,1,2000,DRUG14,2,1,3,3,0
591,92133402,14,0,1000,DRUG15,2,2,1,3,1
592,92133402,14,1,2000,DRUG16,1,3,3,2,0
593,92133402,16,0,1000,DRUG17,3,1,2,3,1
594,92133402,16,1,2000,DRUG18,2,3,3,1,0
595,92133476,1,0,1000,DRUG1,3,1,3,1,1
596,92133476,1,1,2000,DRUG2,2,3,2,2,0
597,92133476,3,0,1000,DRUG3,3,3,1,1,1
598,92133476,3,1,2000,DRUG4,2,2,2,1,0
599,92133476,5,0,1000,DRUG5,1,3,1,3,1
600,92133476,5,1,2000,DRUG6,2,2,2,2,0
601,92133476,7,1,1000,DRUG7,2,2,1,1,1
602,92133476,7,0,2000,DRUG8,3,1,2,3,0
603,92133476,9,1,1000,DRUG9,1,1,3,2,1
604,92133476,9,0,2000,DRUG10,3,3,1,1,0
605,92133476,10,0,1000,DRUG11,3,3,3,1,1
606,92133476,10,1,2000,DRUG12,1,2,2,3,0
607,92133476,11,0,1000,DRUG13,3,2,1,2,1
608,92133476,11,1,2000,DRUG14,2,1,3,3,0
609,92133476,14,1,1000,DRUG15,2,2,1,3,1
610,92133476,14,0,2000,DRUG16,1,3,3,2,0
611,92133476,16,0,1000,DRUG17,3,1,2,3,1
612,92133476,16,1,2000,DRUG18,2,3,3,1,0
613,92450510,2,0,1000,DRUG1,1,2,1,3,1
614,92450510,2,1,2000,DRUG2,2,1,3,1,0
615,92450510,4,1,1000,DRUG3,2,1,1,2,1
616,92450510,4,0,2000,DRUG4,3,3,2,1,0
617,92450510,6,1,1000,DRUG5,3,2,2,1,1
618,92450510,6,0,2000,DRUG6,2,3,1,3,0
619,92450510,8,0,1000,DRUG7,3,2,3,3,1
620,92450510,8,1,2000,DRUG8,1,3,2,2,0
621,92450510,12,1,1000,DRUG9,1,3,2,1,1
622,92450510,12,0,2000,DRUG10,3,1,1,2,0
623,92450510,13,1,1000,DRUG11,1,1,1,1,1
624,92450510,13,0,2000,DRUG12,2,2,3,3,0
625,92450510,15,0,1000,DRUG13,1,2,3,3,1
626,92450510,15,1,2000,DRUG14,2,1,2,2,0
627,92450510,17,0,1000,DRUG15,3,3,3,2,1
628,92450510,17,1,2000,DRUG16,1,1,1,1,0
629,92450510,18,1,1000,DRUG17,1,2,3,2,1
630,92450510,18,0,2000,DRUG18,2,3,2,3,0
631,92475495,2,1,1000,DRUG1,1,2,1,3,1
632,92475495,2,0,2000,DRUG2,2,1,3,1,0
633,92475495,4,1,1000,DRUG3,2,1,1,2,1
634,92475495,4,0,2000,DRUG4,3,3,2,1,0
635,92475495,6,0,1000,DRUG5,3,2,2,1,1
636,92475495,6,1,2000,DRUG6,2,3,1,3,0
637,92475495,8,1,1000,DRUG7,3,2,3,3,1
638,92475495,8,0,2000,DRUG8,1,3,2,2,0
639,92475495,12,0,1000,DRUG9,1,3,2,1,1
640,92475495,12,1,2000,DRUG10,3,1,1,2,0
641,92475495,13,0,1000,DRUG11,1,1,1,1,1
642,92475495,13,1,2000,DRUG12,2,2,3,3,0
643,92475495,15,0,1000,DRUG13,1,2,3,3,1
644,92475495,15,1,2000,DRUG14,2,1,2,2,0
645,92475495,17,0,1000,DRUG15,3,3,3,2,1
646,92475495,17,1,2000,DRUG16,1,1,1,1,0
647,92475495,18,1,1000,DRUG17,1,2,3,2,1
648,92475495,18,0,2000,DRUG18,2,3,2,3,0
649,92789163,2,0,1000,DRUG1,1,2,1,3,1
650,92789163,2,1,2000,DRUG2,2,1,3,1,0
651,92789163,4,1,1000,DRUG3,2,1,1,2,1
652,92789163,4,0,2000,DRUG4,3,3,2,1,0
653,92789163,6,1,1000,DRUG5,3,2,2,1,1
654,92789163,6,0,2000,DRUG6,2,3,1,3,0
655,92789163,8,0,1000,DRUG7,3,2,3,3,1
656,92789163,8,1,2000,DRUG8,1,3,2,2,0
657,92789163,12,1,1000,DRUG9,1,3,2,1,1
658,92789163,12,0,2000,DRUG10,3,1,1,2,0
659,92789163,13,0,1000,DRUG11,1,1,1,1,1
660,92789163,13,1,2000,DRUG12,2,2,3,3,0
661,92789163,15,0,1000,DRUG13,1,2,3,3,1
662,92789163,15,1,2000,DRUG14,2,1,2,2,0
663,92789163,17,0,1000,DRUG15,3,3,3,2,1
664,92789163,17,1,2000,DRUG16,1,1,1,1,0
665,92789163,18,1,1000,DRUG17,1,2,3,2,1
666,92789163,18,0,2000,DRUG18,2,3,2,3,0